<?xml version="1.0" encoding="UTF-8"?>

<Log>
    <!-- Default configuration for all categories -->
    <FileLocation>./</FileLocation>
    <FileName>YDC_Sys.log</FileName>
    <ToDB>False</ToDB>
    <ToFile>True</ToFile>
    <ToStdout>True</ToStdout>
    <DBLevel>3</DBLevel>
    <FileLevel>0</FileLevel>
    <StdoutLevel>0</StdoutLevel>

    <!--
        1. Logger check current file is in the life time range.
        2. If current file is out of date, copy data to new file (ex. backup_SurvCloud.log).
        3. The back file have same life time in setting.
        4. After backup file is over date, delete the log.
        5. The check point is according to the file create time and current time.
    -->
    <LifeDays>30</LifeDays>

    <!--
        Individual configuration was supported since logger.egg v1.0.1.0.
        
        In order to define the individual configuration for each category,
        uncomment the 'Categories' node and its child 'Category' nodes.
        Modify the category name to an valid category name listed below.
        
        When use the class Logger to write logger message, specify the correct
        category in the parameters.  The individual configuration will be
        applied to the logger message if it exists.  Otherwise, the default
        configuration will be used.

        Valid category name:
            MAIN_APP
			DB
			AUTH
			SC
    -->

    <!--
    <Categories>
        <Category name='CAMERA_AUTH_SERVER'>
            <FileLocation>./</FileLocation>
            <FileName>SurvCloud.log</FileName>
            <ToDB>False</ToDB>
            <ToFile>True</ToFile>
            <ToStdout>False</ToStdout>
            <DBLevel>3</DBLevel>
            <FileLevel>1</FileLevel>
            <StdoutLevel>0</StdoutLevel>
            <LifeDays>30</LifeDays>
        </Category>
    </Categories>
    -->
</Log>
